top_score,number_of_steps,number_of_precursors,number_of_precursors_in_stock
0.9634470710684997,5,6,6
0.9976287063411217,1,2,2
0.9976287063411217,1,2,2
